<?xml version="1.0" encoding="UTF-8"?>
<project-private xmlns="http://www.netbeans.org/ns/project-private/1">
    <editor-bookmarks xmlns="http://www.netbeans.org/ns/editor-bookmarks/2" lastBookmarkId="0"/>
    <open-files xmlns="http://www.netbeans.org/ns/projectui-open-files/2">
        <group>
            <file>file:/D:/SWP391/PROJECT_/PizzaConnect-Restaurant-Management-System/Login_func_v1/Login/src/java/controller/OrderController.java</file>
            <file>file:/D:/SWP391/PROJECT_/PizzaConnect-Restaurant-Management-System/Login_func_v1/Login/src/java/controller/AdminServlet.java</file>
            <file>file:/D:/SWP391/PROJECT_/PizzaConnect-Restaurant-Management-System/Login_func_v1/Login/web/view/Detail.jsp</file>
            <file>file:/D:/SWP391/PROJECT_/PizzaConnect-Restaurant-Management-System/Login_func_v1/Login/src/java/models/Product.java</file>
            <file>file:/D:/SWP391/PROJECT_/PizzaConnect-Restaurant-Management-System/Login_func_v1/Login/src/java/controller/AddOrderServlet.java</file>
            <file>file:/D:/SWP391/PROJECT_/PizzaConnect-Restaurant-Management-System/Login_func_v1/Login/web/view/OrderDetail.jsp</file>
            <file>file:/D:/SWP391/PROJECT_/PizzaConnect-Restaurant-Management-System/Login_func_v1/Login/web/WEB-INF/web.xml</file>
            <file>file:/D:/SWP391/PROJECT_/PizzaConnect-Restaurant-Management-System/Login_func_v1/Login/web/view/order-list.jsp</file>
            <file>file:/D:/SWP391/PROJECT_/PizzaConnect-Restaurant-Management-System/Login_func_v1/Login/src/java/models/Order.java</file>
            <file>file:/D:/SWP391/PROJECT_/PizzaConnect-Restaurant-Management-System/Login_func_v1/Login/src/java/models/OrderDetail.java</file>
            <file>file:/D:/SWP391/PROJECT_/PizzaConnect-Restaurant-Management-System/Login_func_v1/Login/src/java/dao/OrderDAO.java</file>
            <file>file:/D:/SWP391/PROJECT_/PizzaConnect-Restaurant-Management-System/Login_func_v1/Login/src/java/dao/OrderDetailDAO.java</file>
            <file>file:/D:/SWP391/PROJECT_/PizzaConnect-Restaurant-Management-System/Login_func_v1/Login/web/view/order-detail.jsp</file>
            <file>file:/D:/SWP391/PROJECT_/PizzaConnect-Restaurant-Management-System/Login_func_v1/Login/src/java/dao/DBContext.java</file>
            <file>file:/D:/SWP391/PROJECT_/PizzaConnect-Restaurant-Management-System/Login_func_v1/Login/src/java/controller/DashboardServlet.java</file>
        </group>
    </open-files>
</project-private>
